,x
0,-1.2231626068816688
1,-0.8534797397514179
2,4.279868996787667
3,1.4904690284115398
4,-2.9110711993476523
5,-2.1030249863900763
6,-2.4175114505602493
7,-8.225729376296265
8,-1.220337092077663
9,0.07789088649765942
10,-2.0261300410528325
11,1.2060971925042774
12,1.0222436858754764
13,0.020441639984352326
14,-1.9521855798529684
15,-0.9147423519610247
16,-2.2452879546027114
17,-1.1479612428940538
18,-0.9028088877455364
19,1.0099165505841468
20,2.7152394981758605
21,-2.4276865149312488
22,-0.5009520294463385
23,0.6030417531665572
24,0.5869371000172554
25,-1.3673230473144335
26,-1.5429654015005045
27,0.4751910030949247
28,0.29436949075682456
29,-0.2008272248741539
30,1.065642373266977
31,-1.0965169142087683
32,1.7285343041121313
33,-0.3876158441743435
34,-1.390570338019076
35,0.03638098877178742
36,-1.407284349913474
37,-5.5683974351453855
38,-0.07230539863254215
39,-0.462715851065095
40,0.051365745198721356
41,0.012051731852483687
42,-0.06446548301378022
43,0.31382870882482317
44,-1.086095703687818
45,1.8571604691497803
46,-0.44124293609367704
47,2.712062352294117
48,0.9842131143069628
49,0.6837522610288267
50,0.4622704976219547
51,0.05041709402013032
52,-0.7539468021130936
53,9.239544607506119e-05
54,0.4785435132622382
55,0.17908409071111012
56,-0.7891252099440459
57,1.0132747144394505
58,0.8636441187511712
59,3.874921079612517
60,-1.0846303000472006
61,1.2276705149867384
62,-1.3973243737896581
63,-8.160686624875849
64,0.23659184988376855
65,-0.32154330077878146
66,-0.706008020642864
67,-0.7507202730405748
68,0.5480264768701637
69,-0.42473270740253316
70,1.2164999970685353
71,0.8028052066918203
72,0.029531550131604252
73,1.2883515263673626
74,-0.060155412408911466
75,-1.2999392588655017
76,0.26081843426632834
77,-1.2422693913825433
78,0.6020595239889137
79,-10.361405193255761
80,-0.003650947661489528
81,-1.6832370104086
82,0.4717714405446397
83,0.13680125753172065
84,-5.725472701830236
85,0.6761868955142759
86,0.28489783570444005
87,-0.28165715011105663
88,1.3838612592096744
89,-0.6779872824996115
90,-0.55381958340533
91,-14.894099644731812
92,5.207963607843645
93,0.885173175003684
94,-2.390266141531447
95,-0.942416243471942
96,2.0464430615374987
97,2.98363714156275
98,-0.9007157448236633
99,3.2523898407283047
100,-1.2276713737632288
101,-1.2539350131041136
102,-0.9838644282754674
103,1.5610700774883826
104,0.0398770455961531
105,2.4424927786982504
106,0.8580282129477249
107,0.10200561210433082
108,-0.27233540093086994
109,0.06973978297415952
110,-1.0973588827569796
111,0.641577352937243
112,6.021280431571733
113,0.8422899180573318
114,5.362692113220624
115,-0.3068314968367106
116,4.50301807129337
117,-0.14418499457445488
118,1.8865202533352854
119,-2.1502976269540404
120,0.5877178784097185
121,5.5531281815286055
122,0.5897272881310168
123,-0.7367588506909103
124,0.735214850468748
125,-1.5081563585281217
126,-5.3482350530319245
127,1.1998471842620002
128,0.9861186319779754
129,-0.6807637286980293
130,1.0010486649240609
131,0.8609881776766432
132,-15.986908125564366
133,25.576063149314496
134,0.572043610582382
135,0.5937600365415417
136,0.9673880035400726
137,-0.5247792823689509
138,9.81852291780434
139,0.42585653793005046
140,1.0723069090104882
141,-1.8303569462625089
142,-0.5942083988650884
143,-1.0690063744351765
144,-0.6126716590261243
145,0.12489287324444308
146,-0.721431490239009
147,-0.35319594180018427
148,2.1321334624371566
149,0.24024295491296918
150,0.33221435187129106
151,-2.472913870307394
152,-0.5839575685358868
153,-1.7752954488360428
154,2.7292329664052692
155,13.24879985646092
156,15.439097396153871
157,-4.780746019455328
158,-0.7016790612556861
159,1.12335469104206
160,-0.705555797601569
161,-1.623395592549718
162,0.14927968575618716
163,-12.849135658447315
164,-3.0993151086222164
165,-2.3571980647871085
166,-3.620785706373264
167,-0.9978305204841311
168,0.6176892239352729
169,0.03418483557625141
170,-1.4189841035388218
171,6.4006500029783995
172,0.026458044297399175
173,-2.9497570083758884
174,-0.19060430641889362
175,2.453365629762569
176,-0.9076566914264994
177,8.097856471095241
178,1.480590161069029
179,0.13077507752142542
180,2.333005455162027
181,1.5885075459177
182,-0.11679031012320079
183,0.0029961977432264074
184,-0.3576467135647251
185,1.9345071736891146
186,0.32817045551773677
187,-1.1589000998909784
188,-1.1063476068403164
189,-1.8691737528992305
190,0.8547466896894825
191,0.7111916883352772
192,-12.667929928716493
193,-0.5587051398158354
194,-6.0119187957677145
195,1.206183386433627
196,2.0669061366769803
197,3.8322008225049453
198,2.9317024016837503
199,2.3824570183804497
200,0.593016906437535
201,2.2381210796713074
202,-1.9259583308246184
203,-1.7252903242846764
204,0.07275943133922848
205,-2.60822271981652
206,-3.8054965911779067e-05
207,0.8072772591705362
208,-8.808899823750055
209,-0.021845616021035193
210,-4.057688078661089
211,-0.32672625475889977
212,1.9987261084966963
213,3.374639710296378
214,0.2390420039536965
215,0.21367802900126187
216,1.941392930326959
217,-1.2989686658600414
218,1.0574873373235467
219,-2.064455490309936
220,0.6422749665119274
221,4.133550897778249
222,20.923120092354424
223,-3.661382116204863
224,0.6371803774965216
225,-1.3536891705750262
226,-0.6826370619934053
227,0.7732370573326306
228,-3.160221418449859
229,-1.3668441718263884
230,0.5292506295407726
231,2.380736145782429
232,-100.27598674998988
233,-5.752807081266418
234,-0.7311170420950578
235,0.45872512675655264
236,-3.2310249254914103
237,0.8762102995172425
238,0.13557744622554888
239,1.2456523290658021
240,9.701381707574093
241,-0.10709199979041406
242,-20.157461663316134
243,0.46243077536279703
244,-0.12375087399400969
245,-0.9038343694249794
246,-4.122372276524531
247,33.18353190429906
248,0.5552905104504114
249,-0.6107200724772978
250,-0.5066769286636894
251,-2.2664182129729262
252,-5.201050084037987
253,-1.5827034250562741
254,-0.2571715423026096
255,1.0305625567719285
256,0.8098598525814688
257,3.3001293813088575
258,0.5097938276879816
259,-11.027802523150175
260,0.23200831134750205
261,1.5273640153767634
262,-0.9480468480340802
263,-0.48245752834955025
264,0.6462552046799943
265,-0.5433614931168177
266,-0.3666207067703414
267,0.7181081389547422
268,0.6451252785832721
269,1.27139783839619
270,0.02014906557236994
271,-4.602495875839458
272,0.23046556603000473
273,11.674810664117764
274,-1.5900198335926505
275,0.3233883414358285
276,1.407234279711377
277,0.071210196185899
278,5.643868704906003
279,-0.7900481296236063
280,0.4784701007696059
281,-0.07116333887925073
282,0.610916244729558
283,-0.24197069061125254
284,-2.716803616928716
285,-247.2844746842659
286,0.10258810620577885
287,1.2206951381707212
288,-2.8065424510369175
289,-0.49848461912089037
290,0.6098536516654796
291,-0.5377809822623182
292,2.612453412632958
293,-1.4222952702732918
294,4.759920366742358
295,-0.6076909753799468
296,0.8115436136613577
297,1.2305474136239032
298,0.1637742362597941
299,0.11480740497160126
300,0.6938359894894404
301,-0.06524490633448357
302,11.202342233383972
303,1.4478019770129882
304,0.6062949491653793
305,14.116487781131527
306,-0.2113363945859735
307,-0.10273082504893778
308,-2.469425139814859
309,-0.3529125128743008
310,-0.9484412658936021
311,4.079865721812537
312,-2.04476125868514
313,0.33791628009740915
314,0.8240757304792187
315,0.21148527115446014
316,-1.5992864592927956
317,0.2597466697110935
318,-0.45127454979496656
319,0.24091397311762403
320,-7.328657415159317
321,1.9502235107016421
322,1.2133480641754384
323,-0.7979020950211819
324,-5.373474988865067
325,0.9066681069756108
326,3.214467497150352
327,0.34726682250916985
328,-0.5333451613860231
329,-0.26229784012414603
330,-5.0941783054629735
331,-1.2653676202693307
332,-2.1110445121672035
333,-0.3993644356484439
334,0.7912578115265765
335,-1.115788523204481
336,0.7081723100411539
337,-1.636558390861234
338,-0.4231021522169886
339,39.09812581917379
340,-0.10908020913042102
341,-0.47440666017821675
342,1.5038868655120332
343,-1.4022050059583278
344,0.04828403425440381
345,-1.7082517225688714
346,1.3635566518823177
347,1.2777289717375278
348,-0.02480112737466388
349,0.17694524421576768
350,-0.16906760350005923
351,-0.16176381035139228
352,36.60189680463603
353,0.19097025273917845
354,-0.40373707891327487
355,0.8162536460401015
356,11.916270701783295
357,-0.7089657173337974
358,-0.7214901589740922
359,0.06430405280795269
360,0.34328826536451335
361,1.8691621018478255
362,-2.2053191082157353
363,0.3164466456693907
364,-2.9472279387974227
365,1.2414976474992234
366,0.14772144140712376
367,-0.6940059540103923
368,-0.5910289795743336
369,-0.1824066995669449
370,2.3612069256967154
371,-2.7883430575281327
372,5.950159747824339
373,-2.5169881401250893
374,2.7255841129133715
375,0.9465844520280181
376,-0.25530361429226894
377,2.613886704336613
378,0.3917332304199178
379,1.2313138358072817
380,19.225972252763107
381,0.5510886372728498
382,0.9720846711152138
383,0.12649602451527622
384,0.19626424134413112
385,2.6380731455039212
386,-0.1290081644440602
387,-0.06920931676394329
388,0.5513919386523911
389,-0.5123097139737803
390,1.1009480395718703
391,0.33941344283781066
392,-1.1309632475278726
393,-0.6486481049291903
394,-0.6404296618100455
395,-0.6039582782159307
396,1.2973933371691018
397,-1.8110876086919496
398,-6.945021167321092
399,2.1865766794331942
400,-0.10118242792108113
401,-1.220016894498765
402,1.090254474207038
403,-1.9438494693044754
404,-0.09830659179323943
405,4.041068424485838
406,0.4809468558795377
407,-0.14984184578439624
408,0.0986537539368959
409,-1.4930375829097482
410,0.17577413785603765
411,0.7037233341970816
412,-4.890987302134903
413,0.6755520679857416
414,-0.7286773064661449
415,-0.4028662113568681
416,1.0426102634417818
417,1.8559548291597563
418,5.255603733181237
419,-4.3854250244820205
420,2.6189026060611504
421,-0.15697174839018305
422,-17.78771862816495
423,-1.1335825829875954
424,-1.9913430615949126
425,-0.6901734802058538
426,1.5988394007204685
427,0.6685340808126027
428,-2.749372504016524
429,-0.46573805151434455
430,1.892829139867531
431,-0.18821663536183714
432,0.31440128552314844
433,-2.288257575076381
434,2.191773995420968
435,-1.1132266965475162
436,0.1679526221818114
437,-1.9236746944073098
438,-1.1619974963410917
439,-0.2876168534202203
440,1.0800022492679646
441,0.3139730412141761
442,9.997270412583426
443,1.5513300012589595
444,-1.3057525192380413
445,3.765458729970497
446,-1.6202130259665788
447,0.5993723311062495
448,-1.4300966711413399
449,1.3076214305701153
450,-0.5758730591544259
451,-11.932766596135174
452,-0.24715234380935194
453,-4.25587064032232
454,-1.0257223931449817
455,-2.1670834061020203
456,-0.3664094588234279
457,1.1884105684417827
458,-0.8821402561760707
459,0.5172138955478599
460,0.08706814616716976
461,0.5339693493608422
462,0.7791017558835631
463,1.428474469088842
464,-0.1589301384494837
465,0.05529346471251002
466,-1.0022064669749189
467,2.7858242885147892
468,-0.2446305356658537
469,1.131077751362373
470,3.4262854340369575
471,-1.3041388161834937
472,0.5375088138151253
473,-21.955881531204806
474,-1.3563578841965656
475,-12.689329985850136
476,-1.2687248132440943
477,-13.08114820700387
478,-0.7365114040649284
479,0.1647795790434269
480,-0.695262266883319
481,0.4497642967464921
482,-1.3684720066424627
483,-2.2999049094975264
484,1.2141007576025231
485,-0.23224013810503993
486,-3.2542912799341677
487,0.3833350417062974
488,0.4513824721467167
489,0.8294099928573203
490,-0.8010585400060212
491,-20.83585354125326
492,0.48793559484995275
493,-2.3946698755918145
494,0.9312811942091133
495,0.6576119226483467
496,0.35189455861026997
497,-33.63191335381647
498,-1.8520609093560578
499,-1.1692871587262483
500,15.119082018763043
501,-11.708521538243806
502,-0.10418634561068872
503,1.5370775819782891
504,-2.0749359734248167
505,-0.9939179278755238
506,-1.3221409386467395
507,-2.3182606977397913
508,1.6091218073424256
509,2.598205758224457
510,0.07595726222346687
511,-0.7904300366198715
512,1.1149415049632176
513,-1.4354154234238
514,-36.42148379820242
515,-0.418385156634639
516,1.008824102646639
517,0.056856886127194216
518,-0.30808355029132617
519,-0.07964341448656351
520,0.17229651699572113
521,2.582584164776491
522,-4.927019844596723
523,-0.48724185647289575
524,5.347655446204971
525,-0.14744027989151867
526,2.8838033129326948
527,23.298965170194144
528,-0.2932556166597046
529,0.6745293573742766
530,2.03768362485967
531,-5.642862000226316
532,0.9155208216651178
533,-2.554314656425318
534,13.660636409083393
535,-2.7343056629662597
536,-1.04524357754085
537,-2.071079555745894
538,-0.6434769556096828
539,-0.2717828200013663
540,0.042764575889109493
541,17.050533768436274
542,0.05366863812206598
543,0.5714896035461743
544,-0.3793822068098506
545,2.666447914994335
546,-0.7797071912881369
547,-2.1050351597500394
548,-1.8578666269863138
549,0.13903615577461378
550,-3.025819357681266
551,38.33837354544924
552,0.022533138899839603
553,-0.5034225161278759
554,-0.4688498817469266
555,3.903697851334058
556,-1.3482570303241084
557,-0.19975976422330546
558,1.896409789602022
559,-1.9661453662596102
560,-2.4133057129857836
561,-0.16786774894167716
562,-0.17042783692758118
563,0.1378076761886723
564,-0.9576841678980842
565,1.4153383623263704
566,0.4188097512712199
567,-0.5743781686701656
568,-6.720217211723811
569,-2.1555777465692576
570,-0.6738447263862062
571,0.7475323978222489
572,11.116975077473274
573,-1.4851904060108334
574,-1.0664965193501292
575,0.9782802427393752
576,2.0706357310282777
577,-1.8466497658193253
578,-0.281524352809178
579,-1.2161026299784916
580,0.839253249165798
581,-3.927304820417362
582,0.4113756590119782
583,-2.4982691443458376
584,0.5580316701316892
585,0.8714400412569134
586,0.15855015167992556
587,-1.3054465102649335
588,0.665363702242419
589,-22.61294007660996
590,1.3137822714864253
591,0.535952957184504
592,0.8459932892159162
593,-0.17419082429532806
594,-0.6352405075660091
595,9.244608307474767
596,-0.12451946639919194
597,-0.8134828058916277
598,-0.3668951454588286
599,-14.165366988603505
600,-1.6324654912313856
601,-0.04029258562573103
602,0.20926803700044094
603,-2.46329006297833
604,1.708274594400987
605,2.147531638996639
606,-1.4252266990510167
607,0.35045815780651496
608,0.4173199328071733
609,-4.431293096328204
610,-0.4801323143706932
611,-17.142999546138665
612,3.948456113167746
613,0.12821049941679288
614,-1.6154834672573521
615,0.3394697342798955
616,-2.016287147281429
617,0.9706899623299555
618,-6.472713453967244
619,20.715969384599944
620,3.307184818226716
621,-5.098336360767201
622,-1.7103126872387933
623,0.08306875974031941
624,9.377269503313208
625,-0.37275943748612733
626,-2.6770335444961266
627,3.1644189492976453
628,0.19229812190920137
629,0.19919206741714351
630,0.03666615339573555
631,0.9200137105411025
632,1.6597464767240644
633,0.5579374343990059
634,-1.111338785542472
635,1.5741530041626883
636,-0.7870204594256269
637,1.284199613868555
638,-3.2561228590494258
639,-4.333470170979805
640,-3.5266849787847523
641,16.303134859829193
642,-11.573112959132134
643,-0.1427719042542596
644,0.3618544421022514
645,-3.0888875703225325
646,0.10236631293026076
647,0.27959458323676123
648,-1.206527139725184
649,4.814257672787086
650,-0.09096217706159469
651,-2.4012461087911583
652,1.5541640517010786
653,-1.0521915371838066
654,170.25259171910835
655,-0.05016577304419
656,1.6020802792290045
657,2.653577996446783
658,-0.22658824510682612
659,3.897546681266209
660,0.002741932527254776
661,0.5497837735460559
662,-10.275732954359352
663,7.675753986356531
664,-41.76250565795851
665,-3.9245014971010126
666,0.8789911483871309
667,-0.16670566787540667
668,-0.9310261144729702
669,0.2977224159342502
670,-2.425613183243704
671,-1.1599808082370062
672,0.06808759392236997
673,-0.6131162757390177
674,-0.5317330300452874
675,-1.1040189241535678
676,-0.4227191747047854
677,0.7869074676027803
678,-1.232578686528886
679,-0.33525717413991685
680,-1.0993898697663125
681,-4.848490871125168
682,-0.13369974330383536
683,6.145217731030981
684,-1.0105892379484012
685,-0.6255718589804666
686,-0.3915614170688689
687,-0.7968023295287321
688,-7.2812082819135515
689,-0.5195398101481782
690,1.1900662376240763
691,-0.39753289376870415
692,1.2248764744447065
693,1.6683184734868655
694,0.20328211417803757
695,3.861816022636602
696,0.00833294256786852
697,-11.90891232911616
698,-0.1449962903649343
699,1.0301832690169148
700,1.2509426108746253
701,-1.3235457989586261
702,0.23297815616039527
703,1.2075041421089587
704,0.9114059573935491
705,9.684260165878552
706,-0.8218791642292538
707,0.7598844523107604
708,-1.183527293693637
709,-1.506099250631829
710,-4.573654103797403
711,-0.0525889340957801
712,6.170040720197417
713,-1.2825970041102428
714,0.9310716509353201
715,0.9229677996765415
716,0.09734158857063113
717,7.613215764853064
718,-4.272937926138856
719,-2.940809965241182
720,0.5911099926239279
721,0.42088215047382127
722,1.1781804907637161
723,-0.3701023781927036
724,-17.89658375522351
725,4.1195225406283145
726,0.8081362129797345
727,-13.52381434467527
728,0.7683413568346187
729,-1.3279561741986048
730,-1.0341845056971184
731,-3.158438565970974
732,1.8366250583258228
733,0.12905712765058816
734,-0.11258501380126319
735,-49.889110634849466
736,-0.2791187385320432
737,0.7752050415131898
738,0.9705985800761582
739,-0.8953849821121332
740,-0.1321145653522343
741,-0.06479269696334201
742,0.7659263247292776
743,2.2124048680113395
744,12.569422065694972
745,0.48251961997711734
746,0.3257823478608578
747,-0.15976000782294372
748,-1.7632247156845213
749,0.0796588938302985
750,0.9178938133337068
751,0.07466680977653985
752,0.6923830721324962
753,-0.9985342110345351
754,12.12166782395392
755,-2.2949546859204593
756,-3.6155851996962065
757,0.0966773542177924
758,0.3415664363490459
759,0.2325281214380248
760,-1.3916789939342622
761,2.2907458229016147
762,-0.3519945208563133
763,-0.5168290529998749
764,-0.6427539833496535
765,0.4790624328170342
766,0.25655399423260694
767,-18.157041177861938
768,0.06000206282038122
769,-0.6980413110053822
770,13.393415926637969
771,-0.6690804032940754
772,0.06345275185751056
773,0.5606952453155662
774,0.176420327969672
775,-0.38029840816337934
776,-0.30161635793963654
777,-0.9992497114302172
778,-2.2136000716678126
779,0.7816796777171751
780,-1.400220736889978
781,1.4167574843015345
782,-1.138609397149938
783,-0.13686996327430395
784,-2.348792630355432
785,-8.314296553902954
786,-0.5886897848030562
787,-0.13581581580291605
788,0.0958071948991407
789,100.8719846185003
790,1.082041110253566
791,-1.2116192753609762
792,-0.979215414238798
793,-6.496925187567409
794,-0.4706386211981466
795,-0.031734949278394986
796,6.584021544024146
797,0.6332213096655146
798,-0.7129062484108663
799,0.7244262094458952
800,0.02841791095197219
801,-1.3820009587372584
802,1.2416475272922443
803,3.663339024108093
804,7.863147302745173
805,-0.1717658114044897
806,3.323977962031098
807,-16.727145576321217
808,-0.8591272076952586
809,1.5442694755010997
810,0.23103316912612207
811,-0.5528690370695564
812,1.3305776627993182
813,71.97808668216264
814,-0.11283508244822182
815,-0.2840450281777685
816,-3.3315166449657045
817,2.2331353026252416
818,0.27847301454531276
819,-0.23545035373477474
820,7.0805168842703665
821,-1.8264811695921894
822,1.2499778250948657
823,0.11695260326352888
824,-3.224814234902633
825,0.027675664613899868
826,1.3706476558536258
827,-0.6375552775798923
828,1.024011906801576
829,0.29331630158808647
830,0.48723302796611406
831,1.2691442130246846
832,-4.782866747537483
833,0.124365572586705
834,3.4488906461821394
835,0.11988940421236777
836,2.3554742866999496
837,0.5206355715037936
838,0.9751199714356072
839,-0.6909736090390374
840,5.639181531233926
841,0.9584041240034104
842,-0.12135681944796296
843,-0.2151911234239496
844,-0.6706385623736149
845,-22.85366918574581
846,-8.00461822522372
847,0.25880766997698873
848,-0.04694904730325289
849,-0.7356101080523096
850,0.4144179194769543
851,-10.931847723008973
852,-0.20943630321757767
853,2.6520999133734366
854,0.7195924298715479
855,-0.5147641805729068
856,-3.112251311501447
857,-0.6085131540623593
858,0.5042981745683728
859,-0.5314844184480482
860,-0.06961110531922933
861,1.234474566133903
862,0.048799744324704984
863,-0.25245175839928957
864,4.126162767513596
865,3.014268659182568
866,3.032870305233755
867,0.5704350758061831
868,-7.29257555553164
869,0.6971901608927392
870,-1.397742426216893
871,0.12418286205154554
872,-2.3219766311839254
873,57.50889213911636
874,-0.9872395709955892
875,-0.22235848211118822
876,-3.21290862516266
877,0.6395885283996754
878,-0.2500911272895542
879,-0.04590521366371257
880,2.0420153560767327
881,-0.19758692707529488
882,-1.729971022313148
883,-0.5358041036355303
884,2.0131423392749346
885,6.514190587056955
886,0.1596158724063151
887,-0.09838968893281304
888,-0.6208840888503716
889,1.7096471712604053
890,3.3533895427962266
891,0.25537666615737364
892,0.6898922904839399
893,-0.5699280723169787
894,-0.3130885132267259
895,-1.1550997245602395
896,-1.1869296391801762
897,0.7604873235258828
898,4.056980938241415
899,3.203909321662659
900,0.45219408280990464
901,1.1341538802319706
902,-0.9774867701664423
903,0.8870599489449481
904,2.603661734863555
905,-1.1509694493124758
906,-1.0170073370158494
907,2.299514347217903
908,1.5035575595256567
909,-0.6561137936746497
910,-2.1763641727900933
911,-1.6055036235009446
912,1.8372938919493285
913,10.012240499796526
914,-0.09391199954055529
915,7.71638372161043
916,14.713257231462917
917,-0.18104898077732554
918,-0.7362412550158295
919,1.7786950389691012
920,-2.2186819695137103
921,-0.3387101790736773
922,0.12675184803582018
923,1.0104028259300213
924,-0.8641804075357588
925,-0.6361293249231749
926,9.061955918964168
927,-0.15031981433648675
928,-0.9649956683642437
929,0.03597238137329577
930,-0.2027160074485583
931,2.010712573611389
932,10.216287881000804
933,-21.730874173493852
934,1.6518225242536941
935,-0.5243672637617736
936,-1.694805889217308
937,3.1971575633602622
938,-3.8663483027466863
939,0.5436047690142126
940,3.0766125673848417
941,0.9995755574225569
942,2.2082313088032484
943,-2.8375711673684405
944,0.32668782379662786
945,-0.05830063189163793
946,-0.13623746165555503
947,-0.1598765074914767
948,-0.1945314372339215
949,-0.5823291758427093
950,-1.3940625561807136
951,-1.837679068283341
952,1.0582488074228258
953,3.173482027866323
954,0.29080718779037
955,8.788966309388432
956,-1.4984229474248183
957,-0.9938738165989185
958,-0.4473521029512731
959,-2.122227363294492
960,-0.18024531913522437
961,-0.3954065311518551
962,0.41726788939266235
963,-0.5256378078146312
964,2.1393667890196557
965,-0.043206359353712996
966,-1.6454596095007321
967,-0.2130320187387186
968,-0.8010391538332994
969,-0.2521575338965641
970,-0.03118872231811687
971,0.45680543965745674
972,-0.7765608243837248
973,-0.7051014960634832
974,0.7907475379693358
975,-0.9339578655800572
976,1.1158565767249993
977,0.0033496229577822346
978,-0.5845245222262481
979,-1.2557435107195754
980,2.991297799062053
981,-2.064682498373859
982,0.05127578689902077
983,22.95538837427954
984,1.9537019577093246
985,-2.2261591062830433
986,-0.5345655825390209
987,-0.4122361878904025
988,-3.0541348277502975
989,-0.14345281943136218
990,-1.2140124961126009
991,-2.6233092329481242
992,-10.962430075763281
993,-0.4437018455268846
994,-1.0286398855063974
995,19.762779111112053
996,-3.2751043904088935
997,4.69396279083389
998,-0.05842094421645741
999,1.1434372795350383
1000,1.0778683451201094
1001,9.553894073005052
1002,2.6125925383551527
1003,0.018480414820820978
1004,3.9789548384775646
1005,4.76164541438121
1006,-0.23224916157751763
1007,-2.539153034170793
1008,0.1164104879727114
1009,-1.7485460521326541
1010,0.06888545374863321
1011,-1.0110469722883555
1012,-0.48157070505543975
1013,1.1907794005208665
1014,-0.15061180023502396
1015,-1.7342778552828935
1016,10.143099717931486
1017,11.517236813330205
1018,0.006771696041697102
1019,-8.8203522297826
1020,0.7574852764041372
1021,1.177605088839149
1022,-0.34936901259000336
1023,-0.24126122288627314
1024,-1.5165861066448572
1025,-0.23858880050103753
1026,-0.13052401446169148
1027,-6.307392525487606
1028,-0.5089051979956575
1029,-0.875105974302224
1030,0.3653510423682094
1031,3.133488742992996
1032,1.100876150536998
1033,-0.2180966384793358
1034,2.437961055201265
1035,1.261429839633859
1036,-0.7477612601208824
1037,-0.3298061677291396
1038,0.719152330349806
1039,-0.27871592654418464
1040,-0.07770323772327599
1041,-8.603329056638179
1042,-1.1613809345728996
1043,-1.0976435252779717
1044,-2.2744930617025365
1045,-0.16356120850794673
1046,-0.25009575636789105
1047,1.7032501385209389
1048,-1.3954099453506306
1049,-5.742917986179966
1050,15.311319022309602
1051,0.3728950696349215
1052,0.8488059496854797
1053,-18.658318775427
1054,0.8413069093885113
1055,-3.0744388473445174
1056,3.0157579289939336
1057,-0.04548664499818228
1058,2.7210704835265718
1059,-2.796767916906551
1060,1.4290862797876092
1061,5.815288261211489
1062,2.7319094113031217
1063,8.904606692921758
1064,-2.04650678360049
1065,2.6993209068626762
1066,0.26960126427553316
1067,-0.3613284199252199
1068,-0.7844480217964823
1069,0.25580635003939817
1070,9.46129780587773
1071,-4.674472099858233
1072,1.1276486782764088
1073,-0.13171511247210224
1074,3.3737046695288555
1075,-0.6095846269639696
1076,1.0262164521932173
1077,-1.3511840195308997
1078,-3.303292330746364
1079,-1.549284962510199
1080,0.8692666181277702
1081,-0.8065695620407023
1082,-0.8033519931859329
1083,0.5217685451628503
1084,-2.046799026080705
1085,0.8551333724403626
1086,-0.5486007081607046
1087,-2.2568188857766756
1088,0.7034863522238635
1089,-0.21702322273682145
1090,0.9020222643360564
1091,-2.20517076643192
1092,-1.414140516810909
1093,1.3340746578747398
1094,1.6243149290230718
1095,-1.8183628345599303
1096,1.6525902589263604
1097,-0.193033936454523
1098,-2.2440299799004766
1099,-0.8315419625928723
1100,3.814534796154115
1101,0.6506473941719699
1102,-6.784110150941841
1103,0.31434099737347876
1104,-0.2246615022429425
1105,3.4521169808016987
1106,-0.16268996073960035
1107,2.8453889958362173
1108,-0.14206951187968925
1109,-0.5371263989630857
1110,0.1163067766901968
1111,0.48806791076837835
1112,11.209588660227011
1113,-0.2839694794035329
1114,-1.3049059022405187
1115,0.5883926103438663
1116,-0.49472014696288485
1117,-0.37161889445834023
1118,0.9925778557564854
1119,0.007851515765698812
1120,-0.18590194724777542
1121,-0.8798850135796321
1122,-1.1006146376019201
1123,-1.453394384741969
1124,3.6193089897706785
1125,12.94477475791159
1126,1.5447011941983202
1127,-1.6450348401739945
1128,0.13907232893616167
1129,-0.08648653264913059
1130,-0.42265455404008073
1131,0.16358206282117735
1132,-2.6550473549852613
1133,2.367502603675193
1134,0.7762047846933129
1135,0.6176518885245251
1136,2.584159755814243
1137,-0.2924449826575991
1138,-1.288770811915389
1139,-0.6713561423585162
1140,3.4485776234161025
1141,-1.3247678495008264
1142,-1.0788575668501954
1143,-4.980952238933056
1144,0.03804331737637128
1145,-0.9077089730289571
1146,1.4878834234282694
1147,1.4793332722702772
1148,-0.02784792300164851
1149,-2.6182629306921994
1150,8.270293108158253
1151,-10.875602411784113
1152,-0.8069503053066424
1153,0.2994256399968662
1154,2.3801492276428964
1155,-0.30267213430288736
1156,-0.6874517272248677
1157,0.9433569713881541
1158,-0.36539107672903265
1159,-0.036655414620321194
1160,-2.775341347339796
1161,-1.0420872763698925
1162,-0.06319282351629786
1163,3.959983288818573
1164,0.8932208615851132
1165,-1.8402002455434583
1166,5.52295292518685
1167,-0.41748494039237377
1168,2.7364772732428237
1169,-0.3590247791715529
1170,-6.2714166848170905
1171,-0.11048027548219895
1172,-0.38744677427842267
1173,1.582329716049572
1174,0.8480641858222733
1175,-0.20252756648810274
1176,-2.6750399086730794
1177,-155.26723578647838
1178,-0.3310187387409741
1179,0.7353643429172156
1180,0.9070490030921902
1181,0.7268141468748742
1182,-0.6119435793022814
1183,-0.6322605462269585
1184,-0.5851906293804984
1185,0.38140542961321966
1186,1.1874869470127467
1187,-0.2988266902983134
1188,-0.6523679538111451
1189,-2.2767580181251565
1190,0.4950581189808786
1191,-1.0011936321897128
1192,0.5335226501038428
1193,-0.6389316355639412
1194,1.7284792467563233
1195,-1.1920046005442222
1196,3.029087363282873
1197,-1.258764005140355
1198,-1.2420315424359998
1199,119.23277188949565
1200,0.4187791086165412
1201,25.710783832845227
1202,-1.550045818086785
1203,0.5835820256946548
1204,3.8123980760397616
1205,-0.5248440849978492
1206,-0.5131252826157852
1207,1.1700796622359586
1208,-1.327917731809006
1209,0.2738302457769675
1210,-2.2377568412072146
1211,-1.528692599163286
1212,-2.253784651826139
1213,-0.02978076956792303
1214,0.4953818763851336
1215,0.7078058426965165
1216,-0.5718969665861537
1217,-0.18513555487600905
1218,0.6988763739689454
1219,-0.6928706557864167
1220,0.5315906171109068
1221,2.487499509283533
1222,-0.06643307242600141
1223,5.0951597914685705
1224,-0.42577201395779185
1225,-0.9831682139706326
1226,2.7423204812449566
1227,-0.6276713107060239
1228,-4.487008550742477
1229,-0.9974669605006119
1230,7.5344320376369085
1231,0.3171379360058264
1232,2.0683466279496594
1233,0.24495517449291668
1234,7.912035935032721
1235,-0.17263809597006607
1236,-40.327869252129894
1237,-0.9071582983839767
1238,-0.27460362757855494
1239,-2.6882533529996677
1240,0.03165865140079439
1241,1.0265519218780421
1242,-0.41040466550894467
1243,-0.3778227472996907
1244,42.372950746965316
1245,-0.554692222318502
1246,0.8710172381860697
1247,0.3714269677047663
1248,-71.7946842677437
1249,-0.6993671641375473
1250,34.66910771369453
1251,-2.004818611841738
1252,-0.10999867142896363
1253,-0.281158257919394
1254,-4.702194226738445
1255,-0.38781562170377626
1256,0.347328026007744
1257,-1.4944053002174749
1258,-1.7548397845970536
1259,-1.0092672757005934
1260,0.911249538512568
1261,0.18703076234516539
1262,-0.20075919173804974
1263,0.6216053864719083
1264,0.17148662574358703
1265,-5.211500592833454
1266,15.014700449504733
1267,0.772320677079042
1268,-0.706590716080086
1269,1.464405103522403
1270,-1.1913035583582894
1271,0.36642887059416734
1272,4.211736561269665
1273,-5.4158612201865175
1274,-0.4988552665136468
1275,-1.179976743728652
1276,-1.7280169473852527
1277,0.2753044786303112
1278,-0.41473664444797315
1279,-6.48739166192392
1280,1.7364932604104169
1281,1.6055912595271498
1282,-0.2721454736352936
1283,-0.25584955414326993
1284,0.46864511566452355
1285,0.5838652871911951
1286,-0.28285321594868224
1287,-0.5595731062245216
1288,0.9167363171522714
1289,2.568240134033744
1290,0.8273242492424027
1291,0.2353445057080526
1292,-0.5603911354032639
1293,-1.4333528249375034
1294,0.4276861516809067
1295,-2.789481613984201
1296,-0.08584043175809468
1297,0.7943952431860022
1298,-0.28830326645100635
1299,0.580618396586331
1300,-3.016785254917501
1301,2.0977260432996574
1302,-0.6888983599511447
1303,9.593239191176137
1304,0.8691691388257963
1305,-15.890525882070394
1306,14.550278920735499
1307,0.26047213896192994
1308,-0.28069172793431696
1309,-1.2254900800766952
1310,0.35549949105100676
1311,-0.06726323075150759
1312,-0.1633508478120656
1313,-2.2306134029747864
1314,0.4470376128582997
1315,-1.363157213104527
1316,0.3853371256895928
1317,-4.053013365347176
1318,0.10504569864490097
1319,-0.000671919259441503
1320,0.8220216939148082
1321,-17.978764870496388
1322,-3.921825554520552
1323,4.053104293067501
1324,-0.6146188245881765
1325,-0.6128739332175038
1326,1.65643571005873
1327,8.260551348232717
1328,1.2215836717425914
1329,0.9665675085004182
1330,3.0933372738579723
1331,-0.3474949795741795
1332,-0.8084272802690424
1333,-0.0017097904452629347
1334,-1.6212729882133907
1335,-0.0013365142942703807
1336,2.9895446710309144
1337,-5.2438755624531215
1338,1.36793268766723
1339,-5.016419214569221
1340,-3.699187321589347
1341,-0.27455934918431907
1342,0.7181151337685113
1343,4.2698047081459185
1344,-4.493399128891134
1345,0.3126973561214107
1346,-122.03265065978943
1347,2.125426218296043
1348,-0.07799250777075299
1349,-0.010793901299786721
1350,18.71874120313537
1351,-43.55073637645087
1352,-0.6060549665324935
1353,0.7966878707763615
1354,-0.03423456871868953
1355,-13.1308773748626
1356,-2.512695594779514
1357,-8.88889549756115
1358,-0.2320354024187846
1359,-0.3088656786642062
1360,0.4758399682504354
1361,10.960491921003598
1362,0.38788293854331957
1363,4.876691227905965
1364,0.5524604727111353
1365,-0.5555045372998301
1366,-0.4603032447205593
1367,-0.16333323862845106
1368,1.1286917289604477
1369,-0.21018982887153473
1370,0.10213055880917586
1371,-2.801878822961636
1372,1.0186189626276263
1373,-2.3846574667742417
1374,2.176566251291656
1375,-3.7388696882614085
1376,0.10444067273081818
1377,-0.061178857328947615
1378,2.8113747260384963
1379,1.2218980553695862
1380,-0.23082229253465286
1381,-1.7654638883859561
1382,-1.2513742523746818
1383,-2.2750301813120113
1384,-0.4324046586373903
1385,-0.607480038937042
1386,0.925585710453135
1387,0.1969495223140296
1388,-0.15658413268432786
1389,0.5169794829344233
1390,1.2803177383775444
1391,-2.3366671851066596
1392,2.558517234772022
1393,-1.245149731426153
1394,-0.8183256434399298
1395,4.109771310244391
1396,0.8242327317366261
1397,60.56244348823504
1398,0.15412839789169502
1399,0.8677360719341363
1400,-0.5426276048175257
1401,3.6955477722693324
1402,-1.207597492616715
1403,-1.6964109384358448
1404,-5.226888858361964
1405,-4.449724750963328
1406,-0.658648977905295
1407,-1.0022353476613493
1408,-0.5140898033032302
1409,-2.4004000021243157
1410,-4.86040530553158
1411,-0.8374285860613285
1412,-0.8297810787758236
1413,12.043596254986332
1414,1.046065533777713
1415,-0.22161002378786568
1416,1.3586244284245712
1417,-14.512355495704512
1418,1.1991685984167058
1419,0.4026332163698738
1420,0.4920879901269682
1421,-0.334511211342976
1422,-1.69254056542215
1423,-0.9334142698118256
1424,-1.6100244925301808
1425,-11.28352128962417
1426,0.7920425802388856
1427,-4.064960286415343
1428,-0.537649352920355
1429,1.99403640051614
1430,157.23514702456185
1431,-0.456765869774936
1432,10.281519312780503
1433,0.4695464124924534
1434,2.8949554064021488
1435,2.9800400220628087
1436,1.7393211676175924
1437,-1.8936523279639457
1438,-0.6784054449911765
1439,0.25070413592908714
1440,-0.7638252524965381
1441,0.11385714282574665
1442,0.3184259611433171
1443,-5.415101582899685
1444,0.7865332086913085
1445,-0.0903016411485412
1446,0.8369983604620126
1447,-1.9928688095367868
1448,0.1470436863911897
1449,3.824499519428154
1450,1.2026760838529031
1451,-1.6940075305557927
1452,1.0546787797673043
1453,0.23045557494988328
1454,-10.940543401033876
1455,-2.43976909948307
1456,1.0051617784046738
1457,-1.492381331934344
1458,21.661216858794837
1459,-4.350206138583036
1460,-0.9212019394155605
1461,-4.075297554695692
1462,-0.39535284134847476
1463,0.15719079211192485
1464,-3.5496479754982735
1465,5.305510822889169
1466,1.24844542003526
1467,-0.17690927702111597
1468,2.445432823253206
1469,0.31889300543408966
1470,1.1649990417402314
1471,0.23251207413169558
1472,-105.27848865057352
1473,1.8940126582179215
1474,4.713577779726705
1475,3.1073251209071153
1476,-8.26215317494737
1477,1.071498348823396
1478,1.8189790092622768
1479,0.35889412555000444
1480,-1.8230376420502978
1481,-0.04913973913341232
1482,1.6392952989289407
1483,-1.0503866225188343
1484,65.92145182800864
1485,0.33198204869571335
1486,1.6552596011865028
1487,0.7812874574313411
1488,5.248113012536008
1489,-0.6217813207805404
1490,-1.976521906885573
1491,-0.7220257982787605
1492,-2.0324939972289897
1493,1.7403815752054912
1494,1.457025016375562
1495,-0.43113800282051296
1496,-0.4357188527853424
1497,-0.3290314947969293
1498,0.5950901819099914
1499,0.07287993928576714
